{"eval/loss": 0.4213833808898926, "eval/accuracy": 0.8408710217755444, "eval/f1": 0.8082055564596567, "eval/runtime": 155.3536, "eval/samples_per_second": 15.371, "eval/steps_per_second": 0.966, "train/epoch": 0.99, "train/global_step": 590, "_timestamp": 1689532259.9683034, "_runtime": 9434.396726369858, "_step": 61, "train/loss": 0.5269, "train/learning_rate": 1.4416527079843662e-05, "train/train_runtime": 8674.9686, "train/train_samples_per_second": 3.302, "train/train_steps_per_second": 0.206, "train/total_flos": 253294602117984.0, "train/train_loss": 0.5114926936262745}