{"eval/loss": 0.5559678077697754, "eval/accuracy": 0.8015075376884422, "eval/f1": 0.5510515665890976, "eval/runtime": 112.915, "eval/samples_per_second": 21.149, "eval/steps_per_second": 1.328, "train/epoch": 0.89, "train/global_step": 530, "_timestamp": 1689448856.9960995, "_runtime": 7311.203567504883, "_step": 55, "train/loss": 0.5831, "train/learning_rate": 1.4416527079843662e-05, "train/train_runtime": 7200.3823, "train/train_samples_per_second": 3.978, "train/train_steps_per_second": 0.249, "train/total_flos": 250843911539040.0, "train/train_loss": 0.5791006754029472}